id,parent_id,level,order,file,start_line,end_line,title,text,surface_role,semantic_role,inherits,advance,yield_text,flags
DOC,,document,1,,0,0,Document,,document,,,,,
P0001,DOC,paragraph,1,docs/practitioner-guide/main.tex,9,23,,"\hypersetup{pageanchor=false} \begin{titlepage} \thispagestyle{empty} \vspace*{0.55in} \noindent{\color{guideblue}\rule{\textwidth}{1.2pt}\par} \vspace{1.15em} {\Huge\bfseries Transport Network Welfare\par} \vspace{0.55em} {\Large Theory, Computation, and Practice with\par} \vspace{0.12em} {\Large\ttfamily TransportNetworkWelfare.jl\par} \vspace{1.75em} {\large Treb Allen \quad Simon Fuchs \quad Woan Foong Wong\par} \vspace{0.4em} {\color{black!60}Practitioner guide for package API v0.1.0, July 2026\par}",exposition,,,,,
S0001,P0001,sentence,1,docs/practitioner-guide/main.tex,9,23,,"\hypersetup{pageanchor=false} \begin{titlepage} \thispagestyle{empty} \vspace*{0.55in} \noindent{\color{guideblue}\rule{\textwidth}{1.2pt}\par} \vspace{1.15em} {\Huge\bfseries Transport Network Welfare\par} \vspace{0.55em} {\Large Theory, Computation, and Practice with\par} \vspace{0.12em} {\Large\ttfamily TransportNetworkWelfare.jl\par} \vspace{1.75em} {\large Treb Allen \quad Simon Fuchs \quad Woan Foong Wong\par} \vspace{0.4em} {\color{black!60}Practitioner guide for package API v0.1.0, July 2026\par}",exposition,,,,,
P0002,DOC,paragraph,2,docs/practitioner-guide/main.tex,25,36,,"\vfill \begin{minipage}{0.93\textwidth} {\large\bfseries\color{guideblue}Purpose and scope\par} \vspace{0.65em} This guide evaluates which existing transport link would generate the largest model-implied economic benefit from a small improvement. Starting from model-consistent directed flows, location shares, and calibrated elasticities, the package reports a traffic benchmark, full realized- and primitive-cost welfare effects, an exact mechanism decomposition, and numerical diagnostics. At an efficient interior baseline, the traffic benchmark is exact even though routes, modes, prices, and locations adjust. Congestion and spatial externalities create the correction measured by the extended statistic.",exposition,,,,,
S0002,P0002,sentence,1,docs/practitioner-guide/main.tex,25,36,,\vfill \begin{minipage}{0.93\textwidth} {\large\bfseries\color{guideblue}Purpose and scope\par} \vspace{0.65em} This guide evaluates which existing transport link would generate the largest model-implied economic benefit from a small improvement.,exposition,,,,,
S0003,P0002,sentence,2,docs/practitioner-guide/main.tex,25,36,,"Starting from model-consistent directed flows, location shares, and calibrated elasticities, the package reports a traffic benchmark, full realized- and primitive-cost welfare effects, an exact mechanism decomposition, and numerical diagnostics.",exposition,,,,,
S0004,P0002,sentence,3,docs/practitioner-guide/main.tex,25,36,,"At an efficient interior baseline, the traffic benchmark is exact even though routes, modes, prices, and locations adjust.",exposition,,,,,
S0005,P0002,sentence,4,docs/practitioner-guide/main.tex,25,36,,Congestion and spatial externalities create the correction measured by the extended statistic.,exposition,,,,,
P0003,DOC,paragraph,3,docs/practitioner-guide/main.tex,51,54,,\hypersetup{pageanchor=true} \pagenumbering{roman} \pagestyle{plain} \tableofcontents,exposition,,,,,
S0006,P0003,sentence,1,docs/practitioner-guide/main.tex,51,54,,\hypersetup{pageanchor=true} \pagenumbering{roman} \pagestyle{plain} \tableofcontents,exposition,,,,,
P0004,DOC,paragraph,4,docs/practitioner-guide/main.tex,56,57,,\clearpage \input{docs/practitioner-guide/reading-guide},exposition,,,,,
S0007,P0004,sentence,1,docs/practitioner-guide/main.tex,56,57,,\clearpage \input{docs/practitioner-guide/reading-guide},exposition,,,,,
P0005,DOC,paragraph,5,docs/practitioner-guide/main.tex,59,61,,\clearpage \pagenumbering{arabic} \pagestyle{fancy},exposition,,,,,
S0008,P0005,sentence,1,docs/practitioner-guide/main.tex,59,61,,\clearpage \pagenumbering{arabic} \pagestyle{fancy},exposition,,,,,
SEC0001,DOC,section,6,docs/practitioner-guide/main.tex,63,63,Quick start,Quick start,heading,,,,,
P0006,SEC0001,paragraph,1,docs/practitioner-guide/main.tex,64,65,,\label{part:quickstart} \input{docs/practitioner-guide/sections/00-quickstart},exposition,,,,,
S0009,P0006,sentence,1,docs/practitioner-guide/main.tex,64,65,,\label{part:quickstart} \input{docs/practitioner-guide/sections/00-quickstart},exposition,,,,,
P0007,SEC0001,paragraph,2,docs/practitioner-guide/main.tex,67,67,,\clearpage,exposition,,,,,
S0010,P0007,sentence,1,docs/practitioner-guide/main.tex,67,67,,\clearpage,exposition,,,,,
SEC0002,DOC,section,7,docs/practitioner-guide/main.tex,68,68,Detailed guide,Detailed guide,heading,,,,,
P0008,SEC0002,paragraph,1,docs/practitioner-guide/main.tex,69,84,,\label{part:detailed} \input{docs/practitioner-guide/sections/01-question} \input{docs/practitioner-guide/sections/02-equilibrium} \input{docs/practitioner-guide/sections/03-routing-modes} \input{docs/practitioner-guide/sections/04-hulten} \input{docs/practitioner-guide/sections/05-ift} \input{docs/practitioner-guide/sections/06-decomposition} \input{docs/practitioner-guide/sections/07-data} \input{docs/practitioner-guide/sections/08-code} \input{docs/practitioner-guide/sections/10-diagnostics} \clearpage \input{docs/practitioner-guide/sections/09-worked-example} \input{docs/practitioner-guide/sections/11-rsue} \input{docs/practitioner-guide/sections/12-extensions} \clearpage \input{docs/practitioner-guide/sections/13-conclusion},exposition,,,,,
S0011,P0008,sentence,1,docs/practitioner-guide/main.tex,69,84,,\label{part:detailed} \input{docs/practitioner-guide/sections/01-question} \input{docs/practitioner-guide/sections/02-equilibrium} \input{docs/practitioner-guide/sections/03-routing-modes} \input{docs/practitioner-guide/sections/04-hulten} \input{docs/practitioner-guide/sections/05-ift} \input{docs/practitioner-guide/sections/06-decomposition} \input{docs/practitioner-guide/sections/07-data} \input{docs/practitioner-guide/sections/08-code} \input{docs/practitioner-guide/sections/10-diagnostics} \clearpage \input{docs/practitioner-guide/sections/09-worked-example} \input{docs/practitioner-guide/sections/11-rsue} \input{docs/practitioner-guide/sections/12-extensions} \clearpage \input{docs/practitioner-guide/sections/13-conclusion},exposition,,,,,
P0009,SEC0002,paragraph,2,docs/practitioner-guide/main.tex,86,86,,\clearpage,exposition,,,,,
S0012,P0009,sentence,1,docs/practitioner-guide/main.tex,86,86,,\clearpage,exposition,,,,,
SEC0003,DOC,section,8,docs/practitioner-guide/main.tex,87,87,Reference appendices,Reference appendices,heading,,,,,
P0010,SEC0003,paragraph,1,docs/practitioner-guide/main.tex,88,96,,\label{part:appendices} \appendix \input{docs/practitioner-guide/appendices/A-notation-code} \input{docs/practitioner-guide/appendices/B-algorithm} \input{docs/practitioner-guide/appendices/C-config-schema} \input{docs/practitioner-guide/appendices/D-verification} \clearpage \input{docs/practitioner-guide/appendices/F-additional-examples} \input{docs/practitioner-guide/appendices/E-provenance},exposition,,,,,
S0013,P0010,sentence,1,docs/practitioner-guide/main.tex,88,96,,\label{part:appendices} \appendix \input{docs/practitioner-guide/appendices/A-notation-code} \input{docs/practitioner-guide/appendices/B-algorithm} \input{docs/practitioner-guide/appendices/C-config-schema} \input{docs/practitioner-guide/appendices/D-verification} \clearpage \input{docs/practitioner-guide/appendices/F-additional-examples} \input{docs/practitioner-guide/appendices/E-provenance},exposition,,,,,
P0011,SEC0003,paragraph,2,docs/practitioner-guide/main.tex,98,103,,\clearpage \begingroup \small \bibliographystyle{plainnat} \bibliography{docs/practitioner-guide/references} \endgroup,exposition,,,,,
S0014,P0011,sentence,1,docs/practitioner-guide/main.tex,98,103,,\clearpage \begingroup \small \bibliographystyle{plainnat} \bibliography{docs/practitioner-guide/references} \endgroup,exposition,,,,,
